epoch,train_loss,train_acc,val_loss,val_acc,lr
1,0.09705422552906669,0.9693168216554645,0.04734959768940162,0.9852683914924961,0.0001
2,0.04510210635223372,0.9861891170242151,0.03891182487405889,0.987109842555934,0.0001
3,0.028827438582616056,0.9903554000552436,0.027712101214144736,0.9912531074486696,0.0001
4,0.022103090397790643,0.9931636129269865,0.02453066490149564,0.991713470214529,0.0001
5,0.01853716550104203,0.9943835742565141,0.023223590521452214,0.9930024859589356,0.0001
6,0.015485466287583943,0.9952352453733542,0.024310642175617198,0.9924500506399042,0.0001
7,0.013213778676546786,0.9956265537243347,0.016993754706394804,0.9954884448945769,0.0001
