epoch,train_loss,train_acc,val_loss,val_acc,lr
1,0.12266743953652998,0.9618129085719547,0.057038448653304354,0.9838873031949176,0.0001
2,0.061819730027611444,0.9799972378234049,0.040936184538730346,0.9878464229813093,0.0001
3,0.043210892364329234,0.9861430807476291,0.03130029850522913,0.9907927446828101,0.0001
4,0.030653042024370716,0.9900331461191418,0.030248437904072886,0.990884817235982,0.0001
5,0.024946665069766272,0.9924270325016112,0.025587377415266566,0.9924500506399042,0.0001
6,0.02154384180063092,0.9933477580333303,0.03160834184000794,0.9907006721296382,0.0001
7,0.0196521918588371,0.9940843384587055,0.023679622867409,0.9933707761716233,0.0001
